{"cameraMode":{"drawMode":0,"name":"Shaded","section":"Shading Mode"},"sceneLighting":true,"audioPlay":false,"sceneViewState":{"showFog":true,"showMaterialUpdate":false,"showSkybox":true,"showFlares":true,"showImageEffects":true,"showParticleSystems":true,"showVisualEffectGraphs":true,"m_FxEnabled":true},"in2DMode":false,"pivot":{"x":5.443048000335693,"y":4.278162002563477,"z":2.4824442863464357},"rotation":{"x":0.24166466295719148,"y":-0.11712062358856201,"z":0.02992943860590458,"w":0.9628022313117981},"size":4.8562469482421879,"orthographic":false}